rank,uid,title,year,venue,url,problem_claimed,actual_mechanism,hidden_assumptions,variables_treated_as_fixed,failure_modes_ignored,what_it_makes_less_novel,what_it_leaves_open
1,arxiv:2307.15320v1,Robust Visual Sim-to-Real Transfer for Robotic Manipulation,2023,arXiv,http://arxiv.org/abs/2307.15320v1,Addresses sim-to-real transfer for robot manipulation or a neighboring robotics mechanism.,"Prior work usually predicts, ranks, filters, or imitates observed behavior rather than preserving unrealized branches.",The observed outcome is enough to supervise the model.,"Contact mode support, embodiment limits, and deployment perturbations.","Branch collapse, hidden-mode shift, and tail-risk planning failures.",Generic world models and generic uncertainty are crowded.,Mechanism level sim2real contracts keeps action-critical alternatives explicit until a physical observation collapses them.
2,arxiv:2509.23075v3,In-Hand Manipulation of Articulated Tools with Dexterous Robot Hands with Sim-to-Real Transfer,2025,arXiv,http://arxiv.org/abs/2509.23075v3,Addresses sim-to-real transfer for robot manipulation or a neighboring robotics mechanism.,"Prior work usually predicts, ranks, filters, or imitates observed behavior rather than preserving unrealized branches.",The observed outcome is enough to supervise the model.,"Contact mode support, embodiment limits, and deployment perturbations.","Branch collapse, hidden-mode shift, and tail-risk planning failures.",Generic world models and generic uncertainty are crowded.,Mechanism level sim2real contracts keeps action-critical alternatives explicit until a physical observation collapses them.
3,arxiv:2307.06423v1,Bi-Touch: Bimanual Tactile Manipulation with Sim-to-Real Deep Reinforcement Learning,2023,arXiv,http://arxiv.org/abs/2307.06423v1,Addresses sim-to-real transfer for robot manipulation or a neighboring robotics mechanism.,"Prior work usually predicts, ranks, filters, or imitates observed behavior rather than preserving unrealized branches.",The observed outcome is enough to supervise the model.,"Contact mode support, embodiment limits, and deployment perturbations.","Branch collapse, hidden-mode shift, and tail-risk planning failures.",Generic world models and generic uncertainty are crowded.,Mechanism level sim2real contracts keeps action-critical alternatives explicit until a physical observation collapses them.
4,doi:10.1017/s0263574722001230,Zero-shot sim-to-real transfer of reinforcement learning framework for robotics manipulation with demonstration and force feedback,2023,Robotica,https://doi.org/10.1017/s0263574722001230,Addresses sim-to-real transfer for robot manipulation or a neighboring robotics mechanism.,"Prior work usually predicts, ranks, filters, or imitates observed behavior rather than preserving unrealized branches.",The observed outcome is enough to supervise the model.,"Contact mode support, embodiment limits, and deployment perturbations.","Branch collapse, hidden-mode shift, and tail-risk planning failures.",Generic world models and generic uncertainty are crowded.,Mechanism level sim2real contracts keeps action-critical alternatives explicit until a physical observation collapses them.
5,doi:10.20944/preprints202605.1763.v1,SymBridge: Bilateral-Symmetry-Aware Vision–Language–Action Learning with Head-Mounted Display Teleoperation for Sim2Real Transfer in Bimanual Manipulation,,,https://doi.org/10.20944/preprints202605.1763.v1,Addresses sim-to-real transfer for robot manipulation or a neighboring robotics mechanism.,"Prior work usually predicts, ranks, filters, or imitates observed behavior rather than preserving unrealized branches.",The observed outcome is enough to supervise the model.,"Contact mode support, embodiment limits, and deployment perturbations.","Branch collapse, hidden-mode shift, and tail-risk planning failures.",Generic world models and generic uncertainty are crowded.,Mechanism level sim2real contracts keeps action-critical alternatives explicit until a physical observation collapses them.
6,arxiv:2601.18629v1,ExoGS: A 4D Real-to-Sim-to-Real Framework for Scalable Manipulation Data Collection,2026,arXiv,http://arxiv.org/abs/2601.18629v1,Addresses sim-to-real transfer for robot manipulation or a neighboring robotics mechanism.,"Prior work usually predicts, ranks, filters, or imitates observed behavior rather than preserving unrealized branches.",The observed outcome is enough to supervise the model.,"Contact mode support, embodiment limits, and deployment perturbations.","Branch collapse, hidden-mode shift, and tail-risk planning failures.",Generic world models and generic uncertainty are crowded.,Mechanism level sim2real contracts keeps action-critical alternatives explicit until a physical observation collapses them.
7,doi:10.1109/cvpr52734.2025.01610,Sim-to-Real Causal Transfer: A Metric Learning Approach to Causally-Aware Interaction Representations,2025,2025 IEEE/CVF Conference on Computer Vision and Pattern Recognition (CVPR),https://doi.org/10.1109/cvpr52734.2025.01610,Addresses sim-to-real transfer for robot manipulation or a neighboring robotics mechanism.,"Prior work usually predicts, ranks, filters, or imitates observed behavior rather than preserving unrealized branches.",The observed outcome is enough to supervise the model.,"Contact mode support, embodiment limits, and deployment perturbations.","Branch collapse, hidden-mode shift, and tail-risk planning failures.",Generic world models and generic uncertainty are crowded.,Mechanism level sim2real contracts keeps action-critical alternatives explicit until a physical observation collapses them.
8,arxiv:2509.22407v2,EMMA: Generalizing Real-World Robot Manipulation via Generative Visual Transfer,2025,arXiv,http://arxiv.org/abs/2509.22407v2,Addresses sim-to-real transfer for robot manipulation or a neighboring robotics mechanism.,"Prior work usually predicts, ranks, filters, or imitates observed behavior rather than preserving unrealized branches.",The observed outcome is enough to supervise the model.,"Contact mode support, embodiment limits, and deployment perturbations.","Branch collapse, hidden-mode shift, and tail-risk planning failures.",Generic world models and generic uncertainty are crowded.,Mechanism level sim2real contracts keeps action-critical alternatives explicit until a physical observation collapses them.
9,arxiv:2512.19562v1,REALM: A Real-to-Sim Validated Benchmark for Generalization in Robotic Manipulation,2025,arXiv,http://arxiv.org/abs/2512.19562v1,Addresses sim-to-real transfer for robot manipulation or a neighboring robotics mechanism.,"Prior work usually predicts, ranks, filters, or imitates observed behavior rather than preserving unrealized branches.",The observed outcome is enough to supervise the model.,"Contact mode support, embodiment limits, and deployment perturbations.","Branch collapse, hidden-mode shift, and tail-risk planning failures.",Generic world models and generic uncertainty are crowded.,Mechanism level sim2real contracts keeps action-critical alternatives explicit until a physical observation collapses them.
10,doi:10.54660/.ijfmr.2024.5.1.33-39,Sim-to-Real Transfer in Robotics: Addressing the Gap between Simulation and Real-World Performance,2024,Journal of Frontiers in Multidisciplinary Research,https://doi.org/10.54660/.ijfmr.2024.5.1.33-39,Addresses sim-to-real transfer for robot manipulation or a neighboring robotics mechanism.,"Prior work usually predicts, ranks, filters, or imitates observed behavior rather than preserving unrealized branches.",The observed outcome is enough to supervise the model.,"Contact mode support, embodiment limits, and deployment perturbations.","Branch collapse, hidden-mode shift, and tail-risk planning failures.",Generic world models and generic uncertainty are crowded.,Mechanism level sim2real contracts keeps action-critical alternatives explicit until a physical observation collapses them.
11,doi:10.1109/iros40897.2019.8967695,Sim-to-(Multi)-Real: Transfer of Low-Level Robust Control Policies to Multiple Quadrotors,2019,2019 IEEE/RSJ International Conference on Intelligent Robots and Systems (IROS),https://doi.org/10.1109/iros40897.2019.8967695,Addresses sim-to-real transfer for robot manipulation or a neighboring robotics mechanism.,"Prior work usually predicts, ranks, filters, or imitates observed behavior rather than preserving unrealized branches.",The observed outcome is enough to supervise the model.,"Contact mode support, embodiment limits, and deployment perturbations.","Branch collapse, hidden-mode shift, and tail-risk planning failures.",Generic world models and generic uncertainty are crowded.,Mechanism level sim2real contracts keeps action-critical alternatives explicit until a physical observation collapses them.
12,doi:10.1007/s10489-022-04148-1,Sim-to-real transfer and reality gap modeling in model predictive control for autonomous driving,2023,Applied Intelligence,https://doi.org/10.1007/s10489-022-04148-1,Addresses sim-to-real transfer for robot manipulation or a neighboring robotics mechanism.,"Prior work usually predicts, ranks, filters, or imitates observed behavior rather than preserving unrealized branches.",The observed outcome is enough to supervise the model.,"Contact mode support, embodiment limits, and deployment perturbations.","Branch collapse, hidden-mode shift, and tail-risk planning failures.",Generic world models and generic uncertainty are crowded.,Mechanism level sim2real contracts keeps action-critical alternatives explicit until a physical observation collapses them.
13,doi:10.2139/ssrn.6231940,RSAKD: Decoupling Energy and Comfort for Rapid Sim-to-Real Transfer in HVAC Control,,,https://doi.org/10.2139/ssrn.6231940,Addresses sim-to-real transfer for robot manipulation or a neighboring robotics mechanism.,"Prior work usually predicts, ranks, filters, or imitates observed behavior rather than preserving unrealized branches.",The observed outcome is enough to supervise the model.,"Contact mode support, embodiment limits, and deployment perturbations.","Branch collapse, hidden-mode shift, and tail-risk planning failures.",Generic world models and generic uncertainty are crowded.,Mechanism level sim2real contracts keeps action-critical alternatives explicit until a physical observation collapses them.
14,doi:10.1088/1757-899x/1343/1/012015,In-Situ Learning in Drones: Rethinking Embodied Intelligence Without Sim-to-Real,2026,IOP Conference Series: Materials Science and Engineering,https://doi.org/10.1088/1757-899x/1343/1/012015,Addresses sim-to-real transfer for robot manipulation or a neighboring robotics mechanism.,"Prior work usually predicts, ranks, filters, or imitates observed behavior rather than preserving unrealized branches.",The observed outcome is enough to supervise the model.,"Contact mode support, embodiment limits, and deployment perturbations.","Branch collapse, hidden-mode shift, and tail-risk planning failures.",Generic world models and generic uncertainty are crowded.,Mechanism level sim2real contracts keeps action-critical alternatives explicit until a physical observation collapses them.
15,doi:10.1007/s11633-025-1566-0,Online Iterative Learning Enhanced Sim-to-Real Transfer for Efficient Manipulation of Deformable Objects,2025,Machine Intelligence Research,https://doi.org/10.1007/s11633-025-1566-0,Addresses sim-to-real transfer for robot manipulation or a neighboring robotics mechanism.,"Prior work usually predicts, ranks, filters, or imitates observed behavior rather than preserving unrealized branches.",The observed outcome is enough to supervise the model.,"Contact mode support, embodiment limits, and deployment perturbations.","Branch collapse, hidden-mode shift, and tail-risk planning failures.",Generic world models and generic uncertainty are crowded.,Mechanism level sim2real contracts keeps action-critical alternatives explicit until a physical observation collapses them.
16,arxiv:2605.05241v1,DexSim2Real: Foundation Model-Guided Sim-to-Real Transfer for Generalizable Dexterous Manipulation,2026,arXiv,http://arxiv.org/abs/2605.05241v1,Addresses sim-to-real transfer for robot manipulation or a neighboring robotics mechanism.,"Prior work usually predicts, ranks, filters, or imitates observed behavior rather than preserving unrealized branches.",The observed outcome is enough to supervise the model.,"Contact mode support, embodiment limits, and deployment perturbations.","Branch collapse, hidden-mode shift, and tail-risk planning failures.",Generic world models and generic uncertainty are crowded.,Mechanism level sim2real contracts keeps action-critical alternatives explicit until a physical observation collapses them.
17,arxiv:2509.25747v1,Best of Sim and Real: Decoupled Visuomotor Manipulation via Learning Control in Simulation and Perception in Real,2025,arXiv,http://arxiv.org/abs/2509.25747v1,Addresses sim-to-real transfer for robot manipulation or a neighboring robotics mechanism.,"Prior work usually predicts, ranks, filters, or imitates observed behavior rather than preserving unrealized branches.",The observed outcome is enough to supervise the model.,"Contact mode support, embodiment limits, and deployment perturbations.","Branch collapse, hidden-mode shift, and tail-risk planning failures.",Generic world models and generic uncertainty are crowded.,Mechanism level sim2real contracts keeps action-critical alternatives explicit until a physical observation collapses them.
18,doi:10.48550/arxiv.2010.04296,CausalWorld: A Robotic Manipulation Benchmark for Causal Structure and Transfer Learning,2020,arXiv (Cornell University),https://doi.org/10.48550/arxiv.2010.04296,Addresses sim-to-real transfer for robot manipulation or a neighboring robotics mechanism.,"Prior work usually predicts, ranks, filters, or imitates observed behavior rather than preserving unrealized branches.",The observed outcome is enough to supervise the model.,"Contact mode support, embodiment limits, and deployment perturbations.","Branch collapse, hidden-mode shift, and tail-risk planning failures.",Generic world models and generic uncertainty are crowded.,Mechanism level sim2real contracts keeps action-critical alternatives explicit until a physical observation collapses them.
19,doi:10.2514/6.2025-1343,Improving Sim-to-Real Transfer in Vision-Based Robot Navigation via Instance-Level GAN-Based Data Augmentation,2025,AIAA SCITECH 2025 Forum,https://doi.org/10.2514/6.2025-1343,Addresses sim-to-real transfer for robot manipulation or a neighboring robotics mechanism.,"Prior work usually predicts, ranks, filters, or imitates observed behavior rather than preserving unrealized branches.",The observed outcome is enough to supervise the model.,"Contact mode support, embodiment limits, and deployment perturbations.","Branch collapse, hidden-mode shift, and tail-risk planning failures.",Generic world models and generic uncertainty are crowded.,Mechanism level sim2real contracts keeps action-critical alternatives explicit until a physical observation collapses them.
20,doi:10.30857/2786-5371.2025.5.5,REINFORCEMENT LEARNING FOR AUTONOMOUS NAVIGATION OF ROBOTIC PLATFORMS UNDER UNCERTAINTY: DOMAIN RANDOMIZATION AND SIM-TO-REAL TRANSFER,2025,Technologies and Engineering,https://doi.org/10.30857/2786-5371.2025.5.5,Addresses sim-to-real transfer for robot manipulation or a neighboring robotics mechanism.,"Prior work usually predicts, ranks, filters, or imitates observed behavior rather than preserving unrealized branches.",The observed outcome is enough to supervise the model.,"Contact mode support, embodiment limits, and deployment perturbations.","Branch collapse, hidden-mode shift, and tail-risk planning failures.",Generic world models and generic uncertainty are crowded.,Mechanism level sim2real contracts keeps action-critical alternatives explicit until a physical observation collapses them.
21,arxiv:2103.00410v2,Sim-to-Real Transfer for Robotic Manipulation with Tactile Sensory,2021,arXiv,http://arxiv.org/abs/2103.00410v2,Addresses sim-to-real transfer for robot manipulation or a neighboring robotics mechanism.,"Prior work usually predicts, ranks, filters, or imitates observed behavior rather than preserving unrealized branches.",The observed outcome is enough to supervise the model.,"Contact mode support, embodiment limits, and deployment perturbations.","Branch collapse, hidden-mode shift, and tail-risk planning failures.",Generic world models and generic uncertainty are crowded.,Mechanism level sim2real contracts keeps action-critical alternatives explicit until a physical observation collapses them.
22,doi:10.1109/lra.2022.3227873,Sim-to-Real Transfer for Visual Reinforcement Learning of Deformable Object Manipulation for Robot-Assisted Surgery,2023,IEEE Robotics and Automation Letters,https://doi.org/10.1109/lra.2022.3227873,Addresses sim-to-real transfer for robot manipulation or a neighboring robotics mechanism.,"Prior work usually predicts, ranks, filters, or imitates observed behavior rather than preserving unrealized branches.",The observed outcome is enough to supervise the model.,"Contact mode support, embodiment limits, and deployment perturbations.","Branch collapse, hidden-mode shift, and tail-risk planning failures.",Generic world models and generic uncertainty are crowded.,Mechanism level sim2real contracts keeps action-critical alternatives explicit until a physical observation collapses them.
23,doi:10.1109/humanoids57100.2023.10375183,Task-Level Control and Poincaré Map-Based Sim-to-Real Transfer for Effective Command Following of Quadrupedal Trot Gait,2023,2023 IEEE-RAS 22nd International Conference on Humanoid Robots (Humanoids),https://doi.org/10.1109/humanoids57100.2023.10375183,Addresses sim-to-real transfer for robot manipulation or a neighboring robotics mechanism.,"Prior work usually predicts, ranks, filters, or imitates observed behavior rather than preserving unrealized branches.",The observed outcome is enough to supervise the model.,"Contact mode support, embodiment limits, and deployment perturbations.","Branch collapse, hidden-mode shift, and tail-risk planning failures.",Generic world models and generic uncertainty are crowded.,Mechanism level sim2real contracts keeps action-critical alternatives explicit until a physical observation collapses them.
24,doi:10.1109/lra.2024.3398428,On the Role of the Action Space in Robot Manipulation Learning and Sim-to-Real Transfer,2024,IEEE Robotics and Automation Letters,https://doi.org/10.1109/lra.2024.3398428,Addresses sim-to-real transfer for robot manipulation or a neighboring robotics mechanism.,"Prior work usually predicts, ranks, filters, or imitates observed behavior rather than preserving unrealized branches.",The observed outcome is enough to supervise the model.,"Contact mode support, embodiment limits, and deployment perturbations.","Branch collapse, hidden-mode shift, and tail-risk planning failures.",Generic world models and generic uncertainty are crowded.,Mechanism level sim2real contracts keeps action-critical alternatives explicit until a physical observation collapses them.
25,doi:10.1109/sisy62279.2024.10737545,A Survey on Sim-to-Real Transfer Methods for Robotic Manipulation,2024,2024 IEEE 22nd Jubilee International Symposium on Intelligent Systems and Informatics (SISY),https://doi.org/10.1109/sisy62279.2024.10737545,Addresses sim-to-real transfer for robot manipulation or a neighboring robotics mechanism.,"Prior work usually predicts, ranks, filters, or imitates observed behavior rather than preserving unrealized branches.",The observed outcome is enough to supervise the model.,"Contact mode support, embodiment limits, and deployment perturbations.","Branch collapse, hidden-mode shift, and tail-risk planning failures.",Generic world models and generic uncertainty are crowded.,Mechanism level sim2real contracts keeps action-critical alternatives explicit until a physical observation collapses them.
26,doi:10.1115/detc2023-116959,Gaussian Process Regression for Sim-to-Real Transfer of Hopping Gaits,2023,Volume 8: 47th Mechanisms and Robotics Conference (MR),https://doi.org/10.1115/detc2023-116959,Addresses sim-to-real transfer for robot manipulation or a neighboring robotics mechanism.,"Prior work usually predicts, ranks, filters, or imitates observed behavior rather than preserving unrealized branches.",The observed outcome is enough to supervise the model.,"Contact mode support, embodiment limits, and deployment perturbations.","Branch collapse, hidden-mode shift, and tail-risk planning failures.",Generic world models and generic uncertainty are crowded.,Mechanism level sim2real contracts keeps action-critical alternatives explicit until a physical observation collapses them.
27,doi:10.3390/electronics12020411,Robot Manipulation Skills Transfer for Sim-to-Real in Unstructured Environments,2023,Electronics,https://doi.org/10.3390/electronics12020411,Addresses sim-to-real transfer for robot manipulation or a neighboring robotics mechanism.,"Prior work usually predicts, ranks, filters, or imitates observed behavior rather than preserving unrealized branches.",The observed outcome is enough to supervise the model.,"Contact mode support, embodiment limits, and deployment perturbations.","Branch collapse, hidden-mode shift, and tail-risk planning failures.",Generic world models and generic uncertainty are crowded.,Mechanism level sim2real contracts keeps action-critical alternatives explicit until a physical observation collapses them.
28,doi:10.3390/app122010277,Sim–Real Mapping of an Image-Based Robot Arm Controller Using Deep Reinforcement Learning,2022,Applied Sciences,https://doi.org/10.3390/app122010277,Addresses sim-to-real transfer for robot manipulation or a neighboring robotics mechanism.,"Prior work usually predicts, ranks, filters, or imitates observed behavior rather than preserving unrealized branches.",The observed outcome is enough to supervise the model.,"Contact mode support, embodiment limits, and deployment perturbations.","Branch collapse, hidden-mode shift, and tail-risk planning failures.",Generic world models and generic uncertainty are crowded.,Mechanism level sim2real contracts keeps action-critical alternatives explicit until a physical observation collapses them.
29,arxiv:2604.13645v1,A Mechanistic Analysis of Sim-and-Real Co-Training in Generative Robot Policies,2026,arXiv,http://arxiv.org/abs/2604.13645v1,Addresses sim-to-real transfer for robot manipulation or a neighboring robotics mechanism.,"Prior work usually predicts, ranks, filters, or imitates observed behavior rather than preserving unrealized branches.",The observed outcome is enough to supervise the model.,"Contact mode support, embodiment limits, and deployment perturbations.","Branch collapse, hidden-mode shift, and tail-risk planning failures.",Generic world models and generic uncertainty are crowded.,Mechanism level sim2real contracts keeps action-critical alternatives explicit until a physical observation collapses them.
30,doi:10.1109/iros45743.2020.9341370,KOVIS: Keypoint-based Visual Servoing with Zero-Shot Sim-to-Real Transfer for Robotics Manipulation,2020,2020 IEEE/RSJ International Conference on Intelligent Robots and Systems (IROS),https://doi.org/10.1109/iros45743.2020.9341370,Addresses sim-to-real transfer for robot manipulation or a neighboring robotics mechanism.,"Prior work usually predicts, ranks, filters, or imitates observed behavior rather than preserving unrealized branches.",The observed outcome is enough to supervise the model.,"Contact mode support, embodiment limits, and deployment perturbations.","Branch collapse, hidden-mode shift, and tail-risk planning failures.",Generic world models and generic uncertainty are crowded.,Mechanism level sim2real contracts keeps action-critical alternatives explicit until a physical observation collapses them.
31,doi:10.1109/lra.2021.3084880,Zero-Shot Sim-to-Real Transfer of Tactile Control Policies for Aggressive Swing-Up Manipulation,2021,IEEE Robotics and Automation Letters,https://doi.org/10.1109/lra.2021.3084880,Addresses sim-to-real transfer for robot manipulation or a neighboring robotics mechanism.,"Prior work usually predicts, ranks, filters, or imitates observed behavior rather than preserving unrealized branches.",The observed outcome is enough to supervise the model.,"Contact mode support, embodiment limits, and deployment perturbations.","Branch collapse, hidden-mode shift, and tail-risk planning failures.",Generic world models and generic uncertainty are crowded.,Mechanism level sim2real contracts keeps action-critical alternatives explicit until a physical observation collapses them.
32,arxiv:2501.02902v1,Sim-to-Real Transfer for Mobile Robots with Reinforcement Learning: from NVIDIA Isaac Sim to Gazebo and Real ROS 2 Robots,2025,arXiv,http://arxiv.org/abs/2501.02902v1,Addresses sim-to-real transfer for robot manipulation or a neighboring robotics mechanism.,"Prior work usually predicts, ranks, filters, or imitates observed behavior rather than preserving unrealized branches.",The observed outcome is enough to supervise the model.,"Contact mode support, embodiment limits, and deployment perturbations.","Branch collapse, hidden-mode shift, and tail-risk planning failures.",Generic world models and generic uncertainty are crowded.,Mechanism level sim2real contracts keeps action-critical alternatives explicit until a physical observation collapses them.
33,doi:10.1109/lra.2023.3334971,In-Hand Object Classification and Pose Estimation With Sim-to-Real Tactile Transfer for Robotic Manipulation,2024,IEEE Robotics and Automation Letters,https://doi.org/10.1109/lra.2023.3334971,Addresses sim-to-real transfer for robot manipulation or a neighboring robotics mechanism.,"Prior work usually predicts, ranks, filters, or imitates observed behavior rather than preserving unrealized branches.",The observed outcome is enough to supervise the model.,"Contact mode support, embodiment limits, and deployment perturbations.","Branch collapse, hidden-mode shift, and tail-risk planning failures.",Generic world models and generic uncertainty are crowded.,Mechanism level sim2real contracts keeps action-critical alternatives explicit until a physical observation collapses them.
34,doi:10.3390/pr13092842,Deep Reinforcement Learning-Based Autonomous Docking with Multi-Sensor Perception in Sim-to-Real Transfer,2025,Processes,https://doi.org/10.3390/pr13092842,Addresses sim-to-real transfer for robot manipulation or a neighboring robotics mechanism.,"Prior work usually predicts, ranks, filters, or imitates observed behavior rather than preserving unrealized branches.",The observed outcome is enough to supervise the model.,"Contact mode support, embodiment limits, and deployment perturbations.","Branch collapse, hidden-mode shift, and tail-risk planning failures.",Generic world models and generic uncertainty are crowded.,Mechanism level sim2real contracts keeps action-critical alternatives explicit until a physical observation collapses them.
35,doi:10.1109/iros51168.2021.9636259,Sim-to-Real Transfer for Robotic Manipulation with Tactile Sensory,2021,2021 IEEE/RSJ International Conference on Intelligent Robots and Systems (IROS),https://doi.org/10.1109/iros51168.2021.9636259,Addresses sim-to-real transfer for robot manipulation or a neighboring robotics mechanism.,"Prior work usually predicts, ranks, filters, or imitates observed behavior rather than preserving unrealized branches.",The observed outcome is enough to supervise the model.,"Contact mode support, embodiment limits, and deployment perturbations.","Branch collapse, hidden-mode shift, and tail-risk planning failures.",Generic world models and generic uncertainty are crowded.,Mechanism level sim2real contracts keeps action-critical alternatives explicit until a physical observation collapses them.
36,doi:10.1007/s00521-024-10543-1,Machine visual perception from sim-to-real transfer learning for autonomous docking maneuvers,2025,Neural Computing and Applications,https://doi.org/10.1007/s00521-024-10543-1,Addresses sim-to-real transfer for robot manipulation or a neighboring robotics mechanism.,"Prior work usually predicts, ranks, filters, or imitates observed behavior rather than preserving unrealized branches.",The observed outcome is enough to supervise the model.,"Contact mode support, embodiment limits, and deployment perturbations.","Branch collapse, hidden-mode shift, and tail-risk planning failures.",Generic world models and generic uncertainty are crowded.,Mechanism level sim2real contracts keeps action-critical alternatives explicit until a physical observation collapses them.
37,arxiv:2310.10509v1,Efficient Sim-to-real Transfer of Contact-Rich Manipulation Skills with Online Admittance Residual Learning,2023,arXiv,http://arxiv.org/abs/2310.10509v1,Addresses sim-to-real transfer for robot manipulation or a neighboring robotics mechanism.,"Prior work usually predicts, ranks, filters, or imitates observed behavior rather than preserving unrealized branches.",The observed outcome is enough to supervise the model.,"Contact mode support, embodiment limits, and deployment perturbations.","Branch collapse, hidden-mode shift, and tail-risk planning failures.",Generic world models and generic uncertainty are crowded.,Mechanism level sim2real contracts keeps action-critical alternatives explicit until a physical observation collapses them.
38,doi:10.1109/iros55552.2023.10341657,Pre-and Post-Contact Policy Decomposition for Non-Prehensile Manipulation with Zero-Shot Sim-To-Real Transfer,2023,2023 IEEE/RSJ International Conference on Intelligent Robots and Systems (IROS),https://doi.org/10.1109/iros55552.2023.10341657,Addresses sim-to-real transfer for robot manipulation or a neighboring robotics mechanism.,"Prior work usually predicts, ranks, filters, or imitates observed behavior rather than preserving unrealized branches.",The observed outcome is enough to supervise the model.,"Contact mode support, embodiment limits, and deployment perturbations.","Branch collapse, hidden-mode shift, and tail-risk planning failures.",Generic world models and generic uncertainty are crowded.,Mechanism level sim2real contracts keeps action-critical alternatives explicit until a physical observation collapses them.
39,doi:10.3390/app10051555,Real–Sim–Real Transfer for Real-World Robot Control Policy Learning with Deep Reinforcement Learning,2020,Applied Sciences,https://doi.org/10.3390/app10051555,Addresses sim-to-real transfer for robot manipulation or a neighboring robotics mechanism.,"Prior work usually predicts, ranks, filters, or imitates observed behavior rather than preserving unrealized branches.",The observed outcome is enough to supervise the model.,"Contact mode support, embodiment limits, and deployment perturbations.","Branch collapse, hidden-mode shift, and tail-risk planning failures.",Generic world models and generic uncertainty are crowded.,Mechanism level sim2real contracts keeps action-critical alternatives explicit until a physical observation collapses them.
40,doi:10.1017/s0263574724000092,One-shot sim-to-real transfer policy for robotic assembly via reinforcement learning with visual demonstration,2024,Robotica,https://doi.org/10.1017/s0263574724000092,Addresses sim-to-real transfer for robot manipulation or a neighboring robotics mechanism.,"Prior work usually predicts, ranks, filters, or imitates observed behavior rather than preserving unrealized branches.",The observed outcome is enough to supervise the model.,"Contact mode support, embodiment limits, and deployment perturbations.","Branch collapse, hidden-mode shift, and tail-risk planning failures.",Generic world models and generic uncertainty are crowded.,Mechanism level sim2real contracts keeps action-critical alternatives explicit until a physical observation collapses them.
41,arxiv:2603.04531v2,PTLD: Sim-to-real Privileged Tactile Latent Distillation for Dexterous Manipulation,2026,arXiv,http://arxiv.org/abs/2603.04531v2,Addresses sim-to-real transfer for robot manipulation or a neighboring robotics mechanism.,"Prior work usually predicts, ranks, filters, or imitates observed behavior rather than preserving unrealized branches.",The observed outcome is enough to supervise the model.,"Contact mode support, embodiment limits, and deployment perturbations.","Branch collapse, hidden-mode shift, and tail-risk planning failures.",Generic world models and generic uncertainty are crowded.,Mechanism level sim2real contracts keeps action-critical alternatives explicit until a physical observation collapses them.
42,arxiv:2508.11117v1,Robot Policy Evaluation for Sim-to-Real Transfer: A Benchmarking Perspective,2025,arXiv,http://arxiv.org/abs/2508.11117v1,Addresses sim-to-real transfer for robot manipulation or a neighboring robotics mechanism.,"Prior work usually predicts, ranks, filters, or imitates observed behavior rather than preserving unrealized branches.",The observed outcome is enough to supervise the model.,"Contact mode support, embodiment limits, and deployment perturbations.","Branch collapse, hidden-mode shift, and tail-risk planning failures.",Generic world models and generic uncertainty are crowded.,Mechanism level sim2real contracts keeps action-critical alternatives explicit until a physical observation collapses them.
43,doi:10.1109/iros55552.2023.10342471,Robust Visual Sim-to-Real Transfer for Robotic Manipulation,2023,2023 IEEE/RSJ International Conference on Intelligent Robots and Systems (IROS),https://doi.org/10.1109/iros55552.2023.10342471,Addresses sim-to-real transfer for robot manipulation or a neighboring robotics mechanism.,"Prior work usually predicts, ranks, filters, or imitates observed behavior rather than preserving unrealized branches.",The observed outcome is enough to supervise the model.,"Contact mode support, embodiment limits, and deployment perturbations.","Branch collapse, hidden-mode shift, and tail-risk planning failures.",Generic world models and generic uncertainty are crowded.,Mechanism level sim2real contracts keeps action-critical alternatives explicit until a physical observation collapses them.
44,doi:10.36244/icj.2023.1.3,Enhancing Visual Domain Randomization with Real Images for Sim-to-Real Transfer,2023,Infocommunications journal,https://doi.org/10.36244/icj.2023.1.3,Addresses sim-to-real transfer for robot manipulation or a neighboring robotics mechanism.,"Prior work usually predicts, ranks, filters, or imitates observed behavior rather than preserving unrealized branches.",The observed outcome is enough to supervise the model.,"Contact mode support, embodiment limits, and deployment perturbations.","Branch collapse, hidden-mode shift, and tail-risk planning failures.",Generic world models and generic uncertainty are crowded.,Mechanism level sim2real contracts keeps action-critical alternatives explicit until a physical observation collapses them.
45,doi:10.15607/rss.2024.xx.094,DrEureka: Language Model Guided Sim-To-Real Transfer,2024,Robotics: Science and Systems XX,https://doi.org/10.15607/rss.2024.xx.094,Addresses sim-to-real transfer for robot manipulation or a neighboring robotics mechanism.,"Prior work usually predicts, ranks, filters, or imitates observed behavior rather than preserving unrealized branches.",The observed outcome is enough to supervise the model.,"Contact mode support, embodiment limits, and deployment perturbations.","Branch collapse, hidden-mode shift, and tail-risk planning failures.",Generic world models and generic uncertainty are crowded.,Mechanism level sim2real contracts keeps action-critical alternatives explicit until a physical observation collapses them.
46,doi:10.21203/rs.3.rs-6619931/v1,ADR-PNAS: a Novel Sim-to-Real Transfer Approach for Robotic Manipulation Tasks,,,https://doi.org/10.21203/rs.3.rs-6619931/v1,Addresses sim-to-real transfer for robot manipulation or a neighboring robotics mechanism.,"Prior work usually predicts, ranks, filters, or imitates observed behavior rather than preserving unrealized branches.",The observed outcome is enough to supervise the model.,"Contact mode support, embodiment limits, and deployment perturbations.","Branch collapse, hidden-mode shift, and tail-risk planning failures.",Generic world models and generic uncertainty are crowded.,Mechanism level sim2real contracts keeps action-critical alternatives explicit until a physical observation collapses them.
47,doi:10.36227/techrxiv.174702494.40001036/v1,ADR-PNAS: a Novel Sim-to-Real Transfer Approach for Robotic Manipulation Tasks,,,https://doi.org/10.36227/techrxiv.174702494.40001036/v1,Addresses sim-to-real transfer for robot manipulation or a neighboring robotics mechanism.,"Prior work usually predicts, ranks, filters, or imitates observed behavior rather than preserving unrealized branches.",The observed outcome is enough to supervise the model.,"Contact mode support, embodiment limits, and deployment perturbations.","Branch collapse, hidden-mode shift, and tail-risk planning failures.",Generic world models and generic uncertainty are crowded.,Mechanism level sim2real contracts keeps action-critical alternatives explicit until a physical observation collapses them.
48,doi:10.3390/jmse10070895,Sim-to-Real: Mapless Navigation for USVs Using Deep Reinforcement Learning,2022,Journal of Marine Science and Engineering,https://doi.org/10.3390/jmse10070895,Addresses sim-to-real transfer for robot manipulation or a neighboring robotics mechanism.,"Prior work usually predicts, ranks, filters, or imitates observed behavior rather than preserving unrealized branches.",The observed outcome is enough to supervise the model.,"Contact mode support, embodiment limits, and deployment perturbations.","Branch collapse, hidden-mode shift, and tail-risk planning failures.",Generic world models and generic uncertainty are crowded.,Mechanism level sim2real contracts keeps action-critical alternatives explicit until a physical observation collapses them.
49,doi:10.1109/saci66288.2025.11030154,Online Iterative Learning Enhanced Sim-to-Real Transfer for Efficient Manipulation of Deformable Objects,2025,2025 IEEE 19th International Symposium on Applied Computational Intelligence and Informatics (SACI),https://doi.org/10.1109/saci66288.2025.11030154,Addresses sim-to-real transfer for robot manipulation or a neighboring robotics mechanism.,"Prior work usually predicts, ranks, filters, or imitates observed behavior rather than preserving unrealized branches.",The observed outcome is enough to supervise the model.,"Contact mode support, embodiment limits, and deployment perturbations.","Branch collapse, hidden-mode shift, and tail-risk planning failures.",Generic world models and generic uncertainty are crowded.,Mechanism level sim2real contracts keeps action-critical alternatives explicit until a physical observation collapses them.
50,arxiv:2511.06465v1,Sim-to-Real Transfer in Deep Reinforcement Learning for Bipedal Locomotion,2025,arXiv,http://arxiv.org/abs/2511.06465v1,Addresses sim-to-real transfer for robot manipulation or a neighboring robotics mechanism.,"Prior work usually predicts, ranks, filters, or imitates observed behavior rather than preserving unrealized branches.",The observed outcome is enough to supervise the model.,"Contact mode support, embodiment limits, and deployment perturbations.","Branch collapse, hidden-mode shift, and tail-risk planning failures.",Generic world models and generic uncertainty are crowded.,Mechanism level sim2real contracts keeps action-critical alternatives explicit until a physical observation collapses them.
51,arxiv:2502.08645v3,Re$^3$Sim: Generating High-Fidelity Simulation Data via 3D-Photorealistic Real-to-Sim for Robotic Manipulation,2025,arXiv,http://arxiv.org/abs/2502.08645v3,Addresses sim-to-real transfer for robot manipulation or a neighboring robotics mechanism.,"Prior work usually predicts, ranks, filters, or imitates observed behavior rather than preserving unrealized branches.",The observed outcome is enough to supervise the model.,"Contact mode support, embodiment limits, and deployment perturbations.","Branch collapse, hidden-mode shift, and tail-risk planning failures.",Generic world models and generic uncertainty are crowded.,Mechanism level sim2real contracts keeps action-critical alternatives explicit until a physical observation collapses them.
52,arxiv:2605.26638v1,HyperSim: A Holistic Sim-To-Real Framework For Robust Robotic Manipulation,2026,arXiv,http://arxiv.org/abs/2605.26638v1,Addresses sim-to-real transfer for robot manipulation or a neighboring robotics mechanism.,"Prior work usually predicts, ranks, filters, or imitates observed behavior rather than preserving unrealized branches.",The observed outcome is enough to supervise the model.,"Contact mode support, embodiment limits, and deployment perturbations.","Branch collapse, hidden-mode shift, and tail-risk planning failures.",Generic world models and generic uncertainty are crowded.,Mechanism level sim2real contracts keeps action-critical alternatives explicit until a physical observation collapses them.
53,arxiv:2511.15200v2,VIRAL: Visual Sim-to-Real at Scale for Humanoid Loco-Manipulation,2025,arXiv,http://arxiv.org/abs/2511.15200v2,Addresses sim-to-real transfer for robot manipulation or a neighboring robotics mechanism.,"Prior work usually predicts, ranks, filters, or imitates observed behavior rather than preserving unrealized branches.",The observed outcome is enough to supervise the model.,"Contact mode support, embodiment limits, and deployment perturbations.","Branch collapse, hidden-mode shift, and tail-risk planning failures.",Generic world models and generic uncertainty are crowded.,Mechanism level sim2real contracts keeps action-critical alternatives explicit until a physical observation collapses them.
54,doi:10.1109/iros58592.2024.10801397,Fine Manipulation Using a Tactile Skin: Learning in Simulation and Sim-to-Real Transfer,2024,2024 IEEE/RSJ International Conference on Intelligent Robots and Systems (IROS),https://doi.org/10.1109/iros58592.2024.10801397,Addresses sim-to-real transfer for robot manipulation or a neighboring robotics mechanism.,"Prior work usually predicts, ranks, filters, or imitates observed behavior rather than preserving unrealized branches.",The observed outcome is enough to supervise the model.,"Contact mode support, embodiment limits, and deployment perturbations.","Branch collapse, hidden-mode shift, and tail-risk planning failures.",Generic world models and generic uncertainty are crowded.,Mechanism level sim2real contracts keeps action-critical alternatives explicit until a physical observation collapses them.
55,doi:10.1002/advs.202308881,Learning Soft Millirobot Multimodal Locomotion with Sim‐to‐Real Transfer,2024,Advanced Science,https://doi.org/10.1002/advs.202308881,Addresses sim-to-real transfer for robot manipulation or a neighboring robotics mechanism.,"Prior work usually predicts, ranks, filters, or imitates observed behavior rather than preserving unrealized branches.",The observed outcome is enough to supervise the model.,"Contact mode support, embodiment limits, and deployment perturbations.","Branch collapse, hidden-mode shift, and tail-risk planning failures.",Generic world models and generic uncertainty are crowded.,Mechanism level sim2real contracts keeps action-critical alternatives explicit until a physical observation collapses them.
56,doi:10.3390/app16104584,Assessing Stand-to-Sit Kinematics via mmWave Radar: A Real-to-Sim Robust Bidirectional State-Space Model,2026,Applied Sciences,https://doi.org/10.3390/app16104584,Addresses sim-to-real transfer for robot manipulation or a neighboring robotics mechanism.,"Prior work usually predicts, ranks, filters, or imitates observed behavior rather than preserving unrealized branches.",The observed outcome is enough to supervise the model.,"Contact mode support, embodiment limits, and deployment perturbations.","Branch collapse, hidden-mode shift, and tail-risk planning failures.",Generic world models and generic uncertainty are crowded.,Mechanism level sim2real contracts keeps action-critical alternatives explicit until a physical observation collapses them.
57,doi:10.1145/3736419,Sim-to-Real Transfer for Estimation over Wireless Networks,2025,ACM Transactions on Cyber-Physical Systems,https://doi.org/10.1145/3736419,Addresses sim-to-real transfer for robot manipulation or a neighboring robotics mechanism.,"Prior work usually predicts, ranks, filters, or imitates observed behavior rather than preserving unrealized branches.",The observed outcome is enough to supervise the model.,"Contact mode support, embodiment limits, and deployment perturbations.","Branch collapse, hidden-mode shift, and tail-risk planning failures.",Generic world models and generic uncertainty are crowded.,Mechanism level sim2real contracts keeps action-critical alternatives explicit until a physical observation collapses them.
58,doi:10.1109/tro.2025.3644950,ADR-PNAS: A Novel Sim-to-Real Transfer Approach for Robotic Manipulation Tasks,2026,IEEE Transactions on Robotics,https://doi.org/10.1109/tro.2025.3644950,Addresses sim-to-real transfer for robot manipulation or a neighboring robotics mechanism.,"Prior work usually predicts, ranks, filters, or imitates observed behavior rather than preserving unrealized branches.",The observed outcome is enough to supervise the model.,"Contact mode support, embodiment limits, and deployment perturbations.","Branch collapse, hidden-mode shift, and tail-risk planning failures.",Generic world models and generic uncertainty are crowded.,Mechanism level sim2real contracts keeps action-critical alternatives explicit until a physical observation collapses them.
59,doi:10.1299/jsmermd.2025.1p1-e03,Design of a Parallel Wire-Driven One-Legged Hopping Robot RAMIEL2 for Sim-to-Real Transfer in Reinforcement Learning 強化学習におけるsim2realに向けたパラレルワイヤ駆動一本脚跳躍ロボットRAMIEL2の設計,2025,The Proceedings of JSME annual Conference on Robotics and Mechatronics (Robomec),https://doi.org/10.1299/jsmermd.2025.1p1-e03,Addresses sim-to-real transfer for robot manipulation or a neighboring robotics mechanism.,"Prior work usually predicts, ranks, filters, or imitates observed behavior rather than preserving unrealized branches.",The observed outcome is enough to supervise the model.,"Contact mode support, embodiment limits, and deployment perturbations.","Branch collapse, hidden-mode shift, and tail-risk planning failures.",Generic world models and generic uncertainty are crowded.,Mechanism level sim2real contracts keeps action-critical alternatives explicit until a physical observation collapses them.
60,doi:10.1109/icra55743.2025.11128837,Robotic Sim-to-Real Transfer for Long-Horizon Pick-and-Place Tasks in the Robotic Sim2Real Competition,2025,2025 IEEE International Conference on Robotics and Automation (ICRA),https://doi.org/10.1109/icra55743.2025.11128837,Addresses sim-to-real transfer for robot manipulation or a neighboring robotics mechanism.,"Prior work usually predicts, ranks, filters, or imitates observed behavior rather than preserving unrealized branches.",The observed outcome is enough to supervise the model.,"Contact mode support, embodiment limits, and deployment perturbations.","Branch collapse, hidden-mode shift, and tail-risk planning failures.",Generic world models and generic uncertainty are crowded.,Mechanism level sim2real contracts keeps action-critical alternatives explicit until a physical observation collapses them.
61,doi:10.1007/s10994-021-05982-z,Grounded action transformation for sim-to-real reinforcement learning,2021,Machine Learning,https://doi.org/10.1007/s10994-021-05982-z,Addresses sim-to-real transfer for robot manipulation or a neighboring robotics mechanism.,"Prior work usually predicts, ranks, filters, or imitates observed behavior rather than preserving unrealized branches.",The observed outcome is enough to supervise the model.,"Contact mode support, embodiment limits, and deployment perturbations.","Branch collapse, hidden-mode shift, and tail-risk planning failures.",Generic world models and generic uncertainty are crowded.,Mechanism level sim2real contracts keeps action-critical alternatives explicit until a physical observation collapses them.
62,doi:10.1609/aaai.v38i1.27758,Prompt to Transfer: Sim-to-Real Transfer for Traffic Signal Control with Prompt Learning,2024,Proceedings of the AAAI Conference on Artificial Intelligence,https://doi.org/10.1609/aaai.v38i1.27758,Addresses sim-to-real transfer for robot manipulation or a neighboring robotics mechanism.,"Prior work usually predicts, ranks, filters, or imitates observed behavior rather than preserving unrealized branches.",The observed outcome is enough to supervise the model.,"Contact mode support, embodiment limits, and deployment perturbations.","Branch collapse, hidden-mode shift, and tail-risk planning failures.",Generic world models and generic uncertainty are crowded.,Mechanism level sim2real contracts keeps action-critical alternatives explicit until a physical observation collapses them.
63,doi:10.1109/iccma63715.2024.10843928,Sim-to-Real Transfer for Cable Manipulation with Tactile Sensing and Homotopy-Constrained Path Planning,2024,"2024 12th International Conference on Control, Mechatronics and Automation (ICCMA)",https://doi.org/10.1109/iccma63715.2024.10843928,Addresses sim-to-real transfer for robot manipulation or a neighboring robotics mechanism.,"Prior work usually predicts, ranks, filters, or imitates observed behavior rather than preserving unrealized branches.",The observed outcome is enough to supervise the model.,"Contact mode support, embodiment limits, and deployment perturbations.","Branch collapse, hidden-mode shift, and tail-risk planning failures.",Generic world models and generic uncertainty are crowded.,Mechanism level sim2real contracts keeps action-critical alternatives explicit until a physical observation collapses them.
64,arxiv:2103.16772v2,Causal Reasoning in Simulation for Structure and Transfer Learning of Robot Manipulation Policies,2021,arXiv,http://arxiv.org/abs/2103.16772v2,Addresses sim-to-real transfer for robot manipulation or a neighboring robotics mechanism.,"Prior work usually predicts, ranks, filters, or imitates observed behavior rather than preserving unrealized branches.",The observed outcome is enough to supervise the model.,"Contact mode support, embodiment limits, and deployment perturbations.","Branch collapse, hidden-mode shift, and tail-risk planning failures.",Generic world models and generic uncertainty are crowded.,Mechanism level sim2real contracts keeps action-critical alternatives explicit until a physical observation collapses them.
65,doi:10.1155/2020/8015979,Coordinating Manipulation in Real-time Interactive Mechanism of College Admission: Agent-Based Simulations,2020,Complexity,https://doi.org/10.1155/2020/8015979,Addresses sim-to-real transfer for robot manipulation or a neighboring robotics mechanism.,"Prior work usually predicts, ranks, filters, or imitates observed behavior rather than preserving unrealized branches.",The observed outcome is enough to supervise the model.,"Contact mode support, embodiment limits, and deployment perturbations.","Branch collapse, hidden-mode shift, and tail-risk planning failures.",Generic world models and generic uncertainty are crowded.,Mechanism level sim2real contracts keeps action-critical alternatives explicit until a physical observation collapses them.
66,doi:10.2139/ssrn.6256108,Robust Zero-Shot Sim-to-Real Transfer in Agri-CPS: A Digital Twin Framework with Volumetric Overlap Feedback,,,https://doi.org/10.2139/ssrn.6256108,Addresses sim-to-real transfer for robot manipulation or a neighboring robotics mechanism.,"Prior work usually predicts, ranks, filters, or imitates observed behavior rather than preserving unrealized branches.",The observed outcome is enough to supervise the model.,"Contact mode support, embodiment limits, and deployment perturbations.","Branch collapse, hidden-mode shift, and tail-risk planning failures.",Generic world models and generic uncertainty are crowded.,Mechanism level sim2real contracts keeps action-critical alternatives explicit until a physical observation collapses them.
67,doi:10.3389/frobt.2022.1067502,Sim-to-real via latent prediction: Transferring visual non-prehensile manipulation policies,2023,Frontiers in Robotics and AI,https://doi.org/10.3389/frobt.2022.1067502,Addresses sim-to-real transfer for robot manipulation or a neighboring robotics mechanism.,"Prior work usually predicts, ranks, filters, or imitates observed behavior rather than preserving unrealized branches.",The observed outcome is enough to supervise the model.,"Contact mode support, embodiment limits, and deployment perturbations.","Branch collapse, hidden-mode shift, and tail-risk planning failures.",Generic world models and generic uncertainty are crowded.,Mechanism level sim2real contracts keeps action-critical alternatives explicit until a physical observation collapses them.
68,doi:10.1177/0278364919870227,Adversarial discriminative sim-to-real transfer of visuo-motor policies,2019,The International Journal of Robotics Research,https://doi.org/10.1177/0278364919870227,Addresses sim-to-real transfer for robot manipulation or a neighboring robotics mechanism.,"Prior work usually predicts, ranks, filters, or imitates observed behavior rather than preserving unrealized branches.",The observed outcome is enough to supervise the model.,"Contact mode support, embodiment limits, and deployment perturbations.","Branch collapse, hidden-mode shift, and tail-risk planning failures.",Generic world models and generic uncertainty are crowded.,Mechanism level sim2real contracts keeps action-critical alternatives explicit until a physical observation collapses them.
69,arxiv:2004.00136v1,Sim-to-Real Transfer for Optical Tactile Sensing,2020,arXiv,http://arxiv.org/abs/2004.00136v1,Addresses sim-to-real transfer for robot manipulation or a neighboring robotics mechanism.,"Prior work usually predicts, ranks, filters, or imitates observed behavior rather than preserving unrealized branches.",The observed outcome is enough to supervise the model.,"Contact mode support, embodiment limits, and deployment perturbations.","Branch collapse, hidden-mode shift, and tail-risk planning failures.",Generic world models and generic uncertainty are crowded.,Mechanism level sim2real contracts keeps action-critical alternatives explicit until a physical observation collapses them.
70,arxiv:2304.08703v1,Learning Sim-to-Real Dense Object Descriptors for Robotic Manipulation,2023,arXiv,http://arxiv.org/abs/2304.08703v1,Addresses sim-to-real transfer for robot manipulation or a neighboring robotics mechanism.,"Prior work usually predicts, ranks, filters, or imitates observed behavior rather than preserving unrealized branches.",The observed outcome is enough to supervise the model.,"Contact mode support, embodiment limits, and deployment perturbations.","Branch collapse, hidden-mode shift, and tail-risk planning failures.",Generic world models and generic uncertainty are crowded.,Mechanism level sim2real contracts keeps action-critical alternatives explicit until a physical observation collapses them.
71,doi:10.3390/s23249913,Towards Minimizing the LiDAR Sim-to-Real Domain Shift: Object-Level Local Domain Adaptation for 3D Point Clouds of Autonomous Vehicles,2023,Sensors,https://doi.org/10.3390/s23249913,Addresses sim-to-real transfer for robot manipulation or a neighboring robotics mechanism.,"Prior work usually predicts, ranks, filters, or imitates observed behavior rather than preserving unrealized branches.",The observed outcome is enough to supervise the model.,"Contact mode support, embodiment limits, and deployment perturbations.","Branch collapse, hidden-mode shift, and tail-risk planning failures.",Generic world models and generic uncertainty are crowded.,Mechanism level sim2real contracts keeps action-critical alternatives explicit until a physical observation collapses them.
72,arxiv:2503.14526v1,ReBot: Scaling Robot Learning with Real-to-Sim-to-Real Robotic Video Synthesis,2025,arXiv,http://arxiv.org/abs/2503.14526v1,Addresses sim-to-real transfer for robot manipulation or a neighboring robotics mechanism.,"Prior work usually predicts, ranks, filters, or imitates observed behavior rather than preserving unrealized branches.",The observed outcome is enough to supervise the model.,"Contact mode support, embodiment limits, and deployment perturbations.","Branch collapse, hidden-mode shift, and tail-risk planning failures.",Generic world models and generic uncertainty are crowded.,Mechanism level sim2real contracts keeps action-critical alternatives explicit until a physical observation collapses them.
73,title:flexible robotic grasping with sim to real transfer based reinforcement learning,Flexible Robotic Grasping with Sim-to-Real Transfer based Reinforcement Learning.,2018,,https://openalex.org/W2792514232,Addresses sim-to-real transfer for robot manipulation or a neighboring robotics mechanism.,"Prior work usually predicts, ranks, filters, or imitates observed behavior rather than preserving unrealized branches.",The observed outcome is enough to supervise the model.,"Contact mode support, embodiment limits, and deployment perturbations.","Branch collapse, hidden-mode shift, and tail-risk planning failures.",Generic world models and generic uncertainty are crowded.,Mechanism level sim2real contracts keeps action-critical alternatives explicit until a physical observation collapses them.
74,arxiv:2404.05051v1,Skill Transfer and Discovery for Sim-to-Real Learning: A Representation-Based Viewpoint,2024,arXiv,http://arxiv.org/abs/2404.05051v1,Addresses sim-to-real transfer for robot manipulation or a neighboring robotics mechanism.,"Prior work usually predicts, ranks, filters, or imitates observed behavior rather than preserving unrealized branches.",The observed outcome is enough to supervise the model.,"Contact mode support, embodiment limits, and deployment perturbations.","Branch collapse, hidden-mode shift, and tail-risk planning failures.",Generic world models and generic uncertainty are crowded.,Mechanism level sim2real contracts keeps action-critical alternatives explicit until a physical observation collapses them.
75,doi:10.24963/ijcai.2025/471,HLMTrans: A Sim-to-Real Transfer Framework for Spatial Crowdsourcing with Human-Guided Language Models,2025,Proceedings of the Thirty-Fourth International Joint Conference on Artificial Intelligence,https://doi.org/10.24963/ijcai.2025/471,Addresses sim-to-real transfer for robot manipulation or a neighboring robotics mechanism.,"Prior work usually predicts, ranks, filters, or imitates observed behavior rather than preserving unrealized branches.",The observed outcome is enough to supervise the model.,"Contact mode support, embodiment limits, and deployment perturbations.","Branch collapse, hidden-mode shift, and tail-risk planning failures.",Generic world models and generic uncertainty are crowded.,Mechanism level sim2real contracts keeps action-critical alternatives explicit until a physical observation collapses them.
76,doi:10.1109/ssci47803.2020.9308468,Sim-to-Real Transfer in Deep Reinforcement Learning for Robotics: a Survey,2020,2020 IEEE Symposium Series on Computational Intelligence (SSCI),https://doi.org/10.1109/ssci47803.2020.9308468,Addresses sim-to-real transfer for robot manipulation or a neighboring robotics mechanism.,"Prior work usually predicts, ranks, filters, or imitates observed behavior rather than preserving unrealized branches.",The observed outcome is enough to supervise the model.,"Contact mode support, embodiment limits, and deployment perturbations.","Branch collapse, hidden-mode shift, and tail-risk planning failures.",Generic world models and generic uncertainty are crowded.,Mechanism level sim2real contracts keeps action-critical alternatives explicit until a physical observation collapses them.
77,doi:10.1109/tfr.2026.3690128,Sim-to-Real Transfer and Robustness Evaluation of Reinforcement Learning Control With Integrated Perception on an ASV for Floating Waste Capture,2026,IEEE Transactions on Field Robotics,https://doi.org/10.1109/tfr.2026.3690128,Addresses sim-to-real transfer for robot manipulation or a neighboring robotics mechanism.,"Prior work usually predicts, ranks, filters, or imitates observed behavior rather than preserving unrealized branches.",The observed outcome is enough to supervise the model.,"Contact mode support, embodiment limits, and deployment perturbations.","Branch collapse, hidden-mode shift, and tail-risk planning failures.",Generic world models and generic uncertainty are crowded.,Mechanism level sim2real contracts keeps action-critical alternatives explicit until a physical observation collapses them.
78,doi:10.1007/978-3-031-89471-8_48,Robot Pouring: Modeling and Sim-to-Real Evaluation Using Causal Discovery,2025,Springer Proceedings in Advanced Robotics European Robotics Forum 2025,https://doi.org/10.1007/978-3-031-89471-8_48,Addresses sim-to-real transfer for robot manipulation or a neighboring robotics mechanism.,"Prior work usually predicts, ranks, filters, or imitates observed behavior rather than preserving unrealized branches.",The observed outcome is enough to supervise the model.,"Contact mode support, embodiment limits, and deployment perturbations.","Branch collapse, hidden-mode shift, and tail-risk planning failures.",Generic world models and generic uncertainty are crowded.,Mechanism level sim2real contracts keeps action-critical alternatives explicit until a physical observation collapses them.
79,doi:10.1038/s42005-022-00844-z,Micro-object pose estimation with sim-to-real transfer learning using small dataset,2022,Communications Physics,https://doi.org/10.1038/s42005-022-00844-z,Addresses sim-to-real transfer for robot manipulation or a neighboring robotics mechanism.,"Prior work usually predicts, ranks, filters, or imitates observed behavior rather than preserving unrealized branches.",The observed outcome is enough to supervise the model.,"Contact mode support, embodiment limits, and deployment perturbations.","Branch collapse, hidden-mode shift, and tail-risk planning failures.",Generic world models and generic uncertainty are crowded.,Mechanism level sim2real contracts keeps action-critical alternatives explicit until a physical observation collapses them.
80,doi:10.1109/iv55156.2024.10588748,Simplifying Sim-to-Real Transfer in Autonomous Driving: Coupling Autoware with the CommonRoad Motion Planning Framework,2024,2024 IEEE Intelligent Vehicles Symposium (IV),https://doi.org/10.1109/iv55156.2024.10588748,Addresses sim-to-real transfer for robot manipulation or a neighboring robotics mechanism.,"Prior work usually predicts, ranks, filters, or imitates observed behavior rather than preserving unrealized branches.",The observed outcome is enough to supervise the model.,"Contact mode support, embodiment limits, and deployment perturbations.","Branch collapse, hidden-mode shift, and tail-risk planning failures.",Generic world models and generic uncertainty are crowded.,Mechanism level sim2real contracts keeps action-critical alternatives explicit until a physical observation collapses them.
81,doi:10.1177/02783649251317617,Tracking cloth deformation: A novel dataset for closing the sim-to-real gap for robotic cloth manipulation learning,2025,The International Journal of Robotics Research,https://doi.org/10.1177/02783649251317617,Addresses sim-to-real transfer for robot manipulation or a neighboring robotics mechanism.,"Prior work usually predicts, ranks, filters, or imitates observed behavior rather than preserving unrealized branches.",The observed outcome is enough to supervise the model.,"Contact mode support, embodiment limits, and deployment perturbations.","Branch collapse, hidden-mode shift, and tail-risk planning failures.",Generic world models and generic uncertainty are crowded.,Mechanism level sim2real contracts keeps action-critical alternatives explicit until a physical observation collapses them.
82,doi:10.24963/ijcai.2024/471,HLMTrans: A Sim-to-Real Transfer Framework for Spatial Crowdsourcing with Human-Guided Language Models,2024,Proceedings of the Thirty-ThirdInternational Joint Conference on Artificial Intelligence,https://doi.org/10.24963/ijcai.2024/471,Addresses sim-to-real transfer for robot manipulation or a neighboring robotics mechanism.,"Prior work usually predicts, ranks, filters, or imitates observed behavior rather than preserving unrealized branches.",The observed outcome is enough to supervise the model.,"Contact mode support, embodiment limits, and deployment perturbations.","Branch collapse, hidden-mode shift, and tail-risk planning failures.",Generic world models and generic uncertainty are crowded.,Mechanism level sim2real contracts keeps action-critical alternatives explicit until a physical observation collapses them.
83,doi:10.1613/jair.1.11436,Blind Spot Detection for Safe Sim-to-Real Transfer,2020,Journal of Artificial Intelligence Research,https://doi.org/10.1613/jair.1.11436,Addresses sim-to-real transfer for robot manipulation or a neighboring robotics mechanism.,"Prior work usually predicts, ranks, filters, or imitates observed behavior rather than preserving unrealized branches.",The observed outcome is enough to supervise the model.,"Contact mode support, embodiment limits, and deployment perturbations.","Branch collapse, hidden-mode shift, and tail-risk planning failures.",Generic world models and generic uncertainty are crowded.,Mechanism level sim2real contracts keeps action-critical alternatives explicit until a physical observation collapses them.
84,doi:10.1016/j.rcim.2022.102365,A digital twin-based sim-to-real transfer for deep reinforcement learning-enabled industrial robot grasping,2022,Robotics and Computer-Integrated Manufacturing,https://doi.org/10.1016/j.rcim.2022.102365,Addresses sim-to-real transfer for robot manipulation or a neighboring robotics mechanism.,"Prior work usually predicts, ranks, filters, or imitates observed behavior rather than preserving unrealized branches.",The observed outcome is enough to supervise the model.,"Contact mode support, embodiment limits, and deployment perturbations.","Branch collapse, hidden-mode shift, and tail-risk planning failures.",Generic world models and generic uncertainty are crowded.,Mechanism level sim2real contracts keeps action-critical alternatives explicit until a physical observation collapses them.
85,doi:10.1109/iros58592.2024.10802831,The Power of Input: Benchmarking Zero-Shot Sim-to-Real Transfer of Reinforcement Learning Control Policies for Quadrotor Control,2024,2024 IEEE/RSJ International Conference on Intelligent Robots and Systems (IROS),https://doi.org/10.1109/iros58592.2024.10802831,Addresses sim-to-real transfer for robot manipulation or a neighboring robotics mechanism.,"Prior work usually predicts, ranks, filters, or imitates observed behavior rather than preserving unrealized branches.",The observed outcome is enough to supervise the model.,"Contact mode support, embodiment limits, and deployment perturbations.","Branch collapse, hidden-mode shift, and tail-risk planning failures.",Generic world models and generic uncertainty are crowded.,Mechanism level sim2real contracts keeps action-critical alternatives explicit until a physical observation collapses them.
86,doi:10.1109/tse.2025.3603995,ASTRA: Adversarial Sim-to-Real Transfer Reinforcement Learning for Autoscaling in Cloud Systems,2025,IEEE Transactions on Software Engineering,https://doi.org/10.1109/tse.2025.3603995,Addresses sim-to-real transfer for robot manipulation or a neighboring robotics mechanism.,"Prior work usually predicts, ranks, filters, or imitates observed behavior rather than preserving unrealized branches.",The observed outcome is enough to supervise the model.,"Contact mode support, embodiment limits, and deployment perturbations.","Branch collapse, hidden-mode shift, and tail-risk planning failures.",Generic world models and generic uncertainty are crowded.,Mechanism level sim2real contracts keeps action-critical alternatives explicit until a physical observation collapses them.
87,doi:10.3390/robotics14120180,Sim2Real Transfer of Imitation Learning of Motion Control for Car-like Mobile Robots Using Digital Twin Testbed,2025,Robotics,https://doi.org/10.3390/robotics14120180,Addresses sim-to-real transfer for robot manipulation or a neighboring robotics mechanism.,"Prior work usually predicts, ranks, filters, or imitates observed behavior rather than preserving unrealized branches.",The observed outcome is enough to supervise the model.,"Contact mode support, embodiment limits, and deployment perturbations.","Branch collapse, hidden-mode shift, and tail-risk planning failures.",Generic world models and generic uncertainty are crowded.,Mechanism level sim2real contracts keeps action-critical alternatives explicit until a physical observation collapses them.
88,doi:10.1109/icra48506.2021.9561134,Benchmarking Domain Randomisation for Visual Sim-to-Real Transfer,2021,2021 IEEE International Conference on Robotics and Automation (ICRA),https://doi.org/10.1109/icra48506.2021.9561134,Addresses sim-to-real transfer for robot manipulation or a neighboring robotics mechanism.,"Prior work usually predicts, ranks, filters, or imitates observed behavior rather than preserving unrealized branches.",The observed outcome is enough to supervise the model.,"Contact mode support, embodiment limits, and deployment perturbations.","Branch collapse, hidden-mode shift, and tail-risk planning failures.",Generic world models and generic uncertainty are crowded.,Mechanism level sim2real contracts keeps action-critical alternatives explicit until a physical observation collapses them.
89,arxiv:2507.08572v1,Robotic Calibration Based on Haptic Feedback Improves Sim-to-Real Transfer,2025,arXiv,http://arxiv.org/abs/2507.08572v1,Addresses sim-to-real transfer for robot manipulation or a neighboring robotics mechanism.,"Prior work usually predicts, ranks, filters, or imitates observed behavior rather than preserving unrealized branches.",The observed outcome is enough to supervise the model.,"Contact mode support, embodiment limits, and deployment perturbations.","Branch collapse, hidden-mode shift, and tail-risk planning failures.",Generic world models and generic uncertainty are crowded.,Mechanism level sim2real contracts keeps action-critical alternatives explicit until a physical observation collapses them.
90,doi:10.1109/icra.2018.8460528,Sim-to-Real Transfer of Robotic Control with Dynamics Randomization,2018,2018 IEEE International Conference on Robotics and Automation (ICRA),https://doi.org/10.1109/icra.2018.8460528,Addresses sim-to-real transfer for robot manipulation or a neighboring robotics mechanism.,"Prior work usually predicts, ranks, filters, or imitates observed behavior rather than preserving unrealized branches.",The observed outcome is enough to supervise the model.,"Contact mode support, embodiment limits, and deployment perturbations.","Branch collapse, hidden-mode shift, and tail-risk planning failures.",Generic world models and generic uncertainty are crowded.,Mechanism level sim2real contracts keeps action-critical alternatives explicit until a physical observation collapses them.
91,doi:10.1109/cdc49753.2023.10383645,Uncertainty-Aware Grounded Action Transformation Towards Sim-to-Real Transfer for Traffic Signal Control,2023,2023 62nd IEEE Conference on Decision and Control (CDC),https://doi.org/10.1109/cdc49753.2023.10383645,Addresses sim-to-real transfer for robot manipulation or a neighboring robotics mechanism.,"Prior work usually predicts, ranks, filters, or imitates observed behavior rather than preserving unrealized branches.",The observed outcome is enough to supervise the model.,"Contact mode support, embodiment limits, and deployment perturbations.","Branch collapse, hidden-mode shift, and tail-risk planning failures.",Generic world models and generic uncertainty are crowded.,Mechanism level sim2real contracts keeps action-critical alternatives explicit until a physical observation collapses them.
92,doi:10.1111/abac.12221,Detecting Real Activities Manipulation: Beyond Performance Matching,2021,Abacus,https://doi.org/10.1111/abac.12221,Addresses sim-to-real transfer for robot manipulation or a neighboring robotics mechanism.,"Prior work usually predicts, ranks, filters, or imitates observed behavior rather than preserving unrealized branches.",The observed outcome is enough to supervise the model.,"Contact mode support, embodiment limits, and deployment perturbations.","Branch collapse, hidden-mode shift, and tail-risk planning failures.",Generic world models and generic uncertainty are crowded.,Mechanism level sim2real contracts keeps action-critical alternatives explicit until a physical observation collapses them.
93,doi:10.1002/ev.20430,Getting Practical With Causal Mechanisms: The application of Process‐Tracing Under Real‐World Evaluation Constraints,2020,New Directions for Evaluation,https://doi.org/10.1002/ev.20430,Addresses sim-to-real transfer for robot manipulation or a neighboring robotics mechanism.,"Prior work usually predicts, ranks, filters, or imitates observed behavior rather than preserving unrealized branches.",The observed outcome is enough to supervise the model.,"Contact mode support, embodiment limits, and deployment perturbations.","Branch collapse, hidden-mode shift, and tail-risk planning failures.",Generic world models and generic uncertainty are crowded.,Mechanism level sim2real contracts keeps action-critical alternatives explicit until a physical observation collapses them.
94,doi:10.1111/1911-3846.12830,A Simple Approach to Better Distinguish Real Earnings Manipulation from Strategy Changes*,2023,Contemporary Accounting Research,https://doi.org/10.1111/1911-3846.12830,Addresses sim-to-real transfer for robot manipulation or a neighboring robotics mechanism.,"Prior work usually predicts, ranks, filters, or imitates observed behavior rather than preserving unrealized branches.",The observed outcome is enough to supervise the model.,"Contact mode support, embodiment limits, and deployment perturbations.","Branch collapse, hidden-mode shift, and tail-risk planning failures.",Generic world models and generic uncertainty are crowded.,Mechanism level sim2real contracts keeps action-critical alternatives explicit until a physical observation collapses them.
95,doi:10.1109/tii.2023.3291699,Sim-to-Real Transfer of Soft Robotic Navigation Strategies That Learns From the Virtual Eye-in-Hand Vision,2023,IEEE Transactions on Industrial Informatics,https://doi.org/10.1109/tii.2023.3291699,Addresses sim-to-real transfer for robot manipulation or a neighboring robotics mechanism.,"Prior work usually predicts, ranks, filters, or imitates observed behavior rather than preserving unrealized branches.",The observed outcome is enough to supervise the model.,"Contact mode support, embodiment limits, and deployment perturbations.","Branch collapse, hidden-mode shift, and tail-risk planning failures.",Generic world models and generic uncertainty are crowded.,Mechanism level sim2real contracts keeps action-critical alternatives explicit until a physical observation collapses them.
96,doi:10.1177/17298806251374367,Advances in industrial bin picking through sim-to-real transfer and cycle optimization,2025,International Journal of Advanced Robotic Systems,https://doi.org/10.1177/17298806251374367,Addresses sim-to-real transfer for robot manipulation or a neighboring robotics mechanism.,"Prior work usually predicts, ranks, filters, or imitates observed behavior rather than preserving unrealized branches.",The observed outcome is enough to supervise the model.,"Contact mode support, embodiment limits, and deployment perturbations.","Branch collapse, hidden-mode shift, and tail-risk planning failures.",Generic world models and generic uncertainty are crowded.,Mechanism level sim2real contracts keeps action-critical alternatives explicit until a physical observation collapses them.
97,doi:10.1016/j.robot.2023.104432,DROPO: Sim-to-real transfer with offline domain randomization,2023,Robotics and Autonomous Systems,https://doi.org/10.1016/j.robot.2023.104432,Addresses sim-to-real transfer for robot manipulation or a neighboring robotics mechanism.,"Prior work usually predicts, ranks, filters, or imitates observed behavior rather than preserving unrealized branches.",The observed outcome is enough to supervise the model.,"Contact mode support, embodiment limits, and deployment perturbations.","Branch collapse, hidden-mode shift, and tail-risk planning failures.",Generic world models and generic uncertainty are crowded.,Mechanism level sim2real contracts keeps action-critical alternatives explicit until a physical observation collapses them.
98,doi:10.1109/tro.2021.3098239,Learning for Attitude Holding of a Robotic Fish: An End-to-End Approach With Sim-to-Real Transfer,2022,IEEE Transactions on Robotics,https://doi.org/10.1109/tro.2021.3098239,Addresses sim-to-real transfer for robot manipulation or a neighboring robotics mechanism.,"Prior work usually predicts, ranks, filters, or imitates observed behavior rather than preserving unrealized branches.",The observed outcome is enough to supervise the model.,"Contact mode support, embodiment limits, and deployment perturbations.","Branch collapse, hidden-mode shift, and tail-risk planning failures.",Generic world models and generic uncertainty are crowded.,Mechanism level sim2real contracts keeps action-critical alternatives explicit until a physical observation collapses them.
99,doi:10.1016/j.robot.2024.104731,Sim-to-real transfer of active suspension control using deep reinforcement learning,2024,Robotics and Autonomous Systems,https://doi.org/10.1016/j.robot.2024.104731,Addresses sim-to-real transfer for robot manipulation or a neighboring robotics mechanism.,"Prior work usually predicts, ranks, filters, or imitates observed behavior rather than preserving unrealized branches.",The observed outcome is enough to supervise the model.,"Contact mode support, embodiment limits, and deployment perturbations.","Branch collapse, hidden-mode shift, and tail-risk planning failures.",Generic world models and generic uncertainty are crowded.,Mechanism level sim2real contracts keeps action-critical alternatives explicit until a physical observation collapses them.
100,doi:10.1109/cvpr52729.2023.02040,Markerless Camera-to-Robot Pose Estimation via Self-Supervised Sim-to-Real Transfer,2023,2023 IEEE/CVF Conference on Computer Vision and Pattern Recognition (CVPR),https://doi.org/10.1109/cvpr52729.2023.02040,Addresses sim-to-real transfer for robot manipulation or a neighboring robotics mechanism.,"Prior work usually predicts, ranks, filters, or imitates observed behavior rather than preserving unrealized branches.",The observed outcome is enough to supervise the model.,"Contact mode support, embodiment limits, and deployment perturbations.","Branch collapse, hidden-mode shift, and tail-risk planning failures.",Generic world models and generic uncertainty are crowded.,Mechanism level sim2real contracts keeps action-critical alternatives explicit until a physical observation collapses them.
